subject,trial,muscle,duration_s,n_windows,MNF_baseline,MNF_final,MNF_pct_change,MNF_spearman_rho,MNF_spearman_p,MNF_slope,MNF_r2,MNF_cv,MDF_baseline,MDF_final,MDF_pct_change,MDF_spearman_rho,MDF_spearman_p,MDF_slope,MDF_r2,MDF_cv,movement_type,MNF_spearman_rho_zscore,MDF_spearman_rho_zscore,MNF_cv_zscore,MDF_cv_zscore,MNF_baseline_zscore,MDF_baseline_zscore,is_outlier
1,1,R DELTOID ANTERIOR,89.9814176579896,46,89.60584408683184,76.8663816559707,-14.217222727700731,-0.6997841504779525,6.246379836596787e-08,-0.10880568625048204,0.5471531702759361,0.04682093819453174,70.25000000000001,60.75000000000002,-13.523131672597852,-0.6639102986180155,4.911707226528765e-07,-0.09497027152268088,0.4561289986906644,0.0563136292520794,uni-articular,-0.459507016176985,-0.4301186523387683,-0.5520130589680301,-0.7476132901907699,-1.2478043956343219,-1.4608318088161558,False
2,1,R DELTOID ANTERIOR,159.96696472531485,81,120.34500394641564,103.13755525357946,-14.298432114803788,-0.44948057813911474,2.56060231502681e-05,-0.050365065831307766,0.22719709507830405,0.044771726671996914,108.4166666666667,86.66666666666669,-20.061491160645666,-0.46009284472923007,1.550346430279387e-05,-0.0749279591189148,0.20007177863312312,0.08261813203451468,uni-articular,0.23736878712504828,0.09124217985907795,-0.6356242569546969,0.31345176384159096,0.4007215822719987,0.4048465673510238,False
3,1,R DELTOID ANTERIOR,199.95870590664356,101,136.73288481246087,140.936111431571,3.0740422283016686,0.41225393127548043,1.838572504593955e-05,0.03849465581694968,0.15473415202126847,0.04151866008582064,125.9166666666667,133.4166666666667,5.956320317670427,0.4532537331821252,1.939468464419803e-06,0.05629875274262931,0.2014332075888474,0.05778486120410382,uni-articular,2.636543209088346,2.42756383857606,-0.7683547200667462,-0.6882670701317722,1.2795955480510772,1.2602886175586823,True
4,1,R DELTOID ANTERIOR,163.96613884344774,83,130.4547705860422,87.96645618231622,-32.569383406107455,-0.9844884765543007,5.36109401430122e-63,-0.23525226168396604,0.8982999184422074,0.11470865252933471,120.75000000000004,79.33333333333336,-34.29951690821256,-0.9736923615731857,8.507127607711706e-54,-0.2528596048753748,0.8949435159281798,0.13538992301799146,uni-articular,-1.2521587313887792,-1.2225347632298469,2.2179172589564993,2.442148273119737,0.9429033794364681,1.0077295360688026,False
5,1,R DELTOID ANTERIOR,213.95581532010863,108,115.18155451074023,82.79254688771708,-28.119960492461487,-0.2949212609677327,0.001945221983681205,-0.037114453630614115,0.09018146905877499,0.09020228050233965,91.91666666666669,70.58333333333336,-23.209428830462365,-0.4078538737066352,1.1797416737386322e-05,-0.04253226522768195,0.15829806418950693,0.0895861733559106,uni-articular,0.6676808570055957,0.2248683874573753,1.2180170041748808,0.5945270307773983,0.1238083364578724,-0.40171307998762623,False
6,1,R DELTOID ANTERIOR,249.94838238330445,126,121.47035093875543,85.68891629958775,-29.456928676536425,-0.9256632920884891,3.514912524915171e-54,-0.105775298442207,0.8221092291202308,0.08029400189650868,113.83333333333337,76.16666666666669,-33.08931185944364,-0.8720374954057988,2.725023966879585e-40,-0.1013977635400818,0.7128527908096206,0.09086354851521874,uni-articular,-1.0883822127560003,-0.9625037177487823,0.8137429528585844,0.6460534995968714,0.4610733862739706,0.6696262495581564,False
7,1,R DELTOID ANTERIOR,113.97646236678683,58,123.39850623464612,112.40661604096283,-8.907636347543678,-0.7001445753483652,9.558290223540745e-10,-0.13637529568120216,0.3929684046567255,0.06259473713746776,113.25000000000004,100.9166666666667,-10.890360559234736,-0.67466694476695,6.359865817602179e-09,-0.16682287181620215,0.3961833846795082,0.08415993543293136,uni-articular,-0.4605104831621019,-0.4576339307453287,0.09158386205078943,0.375644678863755,0.5644794035247129,0.6411115145512347,False
8,1,R DELTOID ANTERIOR,221.95416355637437,112,139.57571189092192,122.26447824801005,-12.402755041249984,-0.4548382136877712,4.702396835987883e-07,-0.03014876950494589,0.21497776418095588,0.032310456714634485,126.4166666666667,107.25000000000004,-15.161502966381004,-0.4042659430602109,9.84433731666015e-06,-0.03174024666166204,0.17707963829721504,0.0427514158046036,uni-articular,0.22245247353877912,0.2340462398542001,-1.1440645512399483,-1.294682773444924,1.4320549617418334,1.2847298189931866,False
9,1,R DELTOID ANTERIOR,101.97894001238822,52,92.40008780578536,86.89572406405802,-5.957097955682577,-0.4573550755570733,0.0006526776832050968,-0.0476168376151018,0.21756168340149495,0.03507475320727923,79.83333333333336,73.75000000000001,-7.620041753653455,-0.4216270316341422,0.0018517890895005044,-0.05180677784681785,0.24787730873798053,0.04196249937232327,uni-articular,0.21544522182206846,0.18963693430127962,-1.0312767112347978,-1.3265059051637835,-1.09795048354504,-0.992375447988152,False
10,1,R DELTOID ANTERIOR,115.97604942585326,59,83.3892024918649,66.36192380702515,-20.419044883539765,-0.8866744593804795,9.507351277927568e-21,-0.14967524349526734,0.8046421648261275,0.07963157158888366,77.58333333333336,61.75000000000002,-20.40816326530612,-0.9021036170140277,1.8205219404988956e-22,-0.13892406653393058,0.8162990549113652,0.07796054980933019,uni-articular,-0.9798325270310918,-1.0394122350692923,0.7867147076071173,0.12557527074454056,-1.5811998173520943,-1.1023608544434225,False
11,1,R DELTOID ANTERIOR,247.94879532423803,125,119.19584655014027,97.86530271778572,-17.895375090424615,-0.6536098310291858,1.4228484690403292e-16,-0.042005895859201066,0.45468326694007166,0.04287944783395467,112.50000000000004,87.00000000000001,-22.666666666666682,-0.6456268240975928,4.3411972267324504e-16,-0.05692650018484428,0.4444121908630684,0.06574922577515009,uni-articular,-0.3309520552664602,-0.38334990260923285,-0.7128323434961102,-0.36700234242311697,0.33909283805397816,0.6044497123994779,False
12,1,R DELTOID ANTERIOR,223.95375061544075,113,100.12038680804567,79.63919855858268,-20.456561248340204,-0.4725530640761196,1.2595823573347174e-07,-0.04075536968416008,0.24962355862702063,0.0620093087908321,82.91666666666669,64.50000000000001,-22.21105527638191,-0.517029607282959,4.545406576688762e-09,-0.046879480944994306,0.2632005380610438,0.08508184781460697,uni-articular,0.1731321602911359,-0.054400881327727496,0.06769742335996408,0.41283257095837095,-0.6839146569132226,-0.8416547058087077,False
13,1,R DELTOID ANTERIOR,217.9549894382415,110,95.47843798109336,78.97298282113569,-17.287102207543537,-0.3843428081960192,3.392834412937637e-05,-0.029908374817932407,0.193829517909927,0.05173509053619017,78.16666666666669,70.16666666666669,-10.234541577825157,0.044740917150405256,0.6425626407573466,0.0008285641042452556,0.00014999558022186216,0.06279518651689575,uni-articular,0.41872031691044426,1.3825965030209864,-0.35150756704750846,-0.48616170654789176,-0.9328600823672236,-1.0738461194365008,False
1,2,L DELTOID ANTERIOR,107.97770118958752,55,122.4196179308268,104.96753305748369,-14.255954370977053,-0.7082972582972583,1.4583568050646907e-09,-0.17560607549792734,0.5415643382001655,0.06755400193819974,111.4166666666667,94.66666666666669,-15.033657442034414,-0.4951645702866478,0.00012135558156583385,-0.14350004699210425,0.2996944823431784,0.08281799546981987,uni-articular,0.3608795027219115,1.0074674277284263,-0.7361877054997841,-0.9066699282841455,0.4810633979635897,0.5838429232011024,False
2,2,L DELTOID ANTERIOR,117.97563648491972,60,89.77839011451647,51.580080831002306,-42.54733152910234,-0.9777716032231177,4.755854803025373e-41,-0.3032861032172027,0.9353886014276604,0.15375003824564415,74.50000000000001,44.16666666666668,-40.7158836689038,-0.9415492810597702,4.3331054630974827e-29,-0.24237429987281348,0.8684199157419265,0.15118135967705798,uni-articular,-0.9223817692955716,-0.9674842884072925,1.775291666480024,1.1948475115436872,-1.2423389894452705,-1.293516872843092,False
3,2,L DELTOID ANTERIOR,115.97604942585326,59,146.7987335277675,112.83270154829792,-23.137823578733247,-0.7334307422559907,3.935910060724746e-11,-0.22682120749871887,0.5682785212819668,0.08356145242627168,132.58333333333337,95.16666666666669,-28.221244500314274,-0.6397884074581519,4.890457125641957e-08,-0.2353276647762064,0.4188934287455534,0.11547377183881677,uni-articular,0.24119157248874715,0.36760434881315085,-0.2697813204615354,0.09718183276331054,1.7682400403106613,1.6602523773663964,False
4,2,L DELTOID ANTERIOR,127.97357178025189,65,143.83936988390408,94.2878582264663,-34.44919961581582,-0.9683566433566433,1.0895270518012483e-39,-0.4069577352180793,0.9335873071454243,0.13530684138273105,130.9166666666667,79.58333333333336,-39.2106938255888,-0.9425970693923674,1.0372052602233033e-31,-0.42413695986797184,0.8934397122404407,0.16422099738339682,uni-articular,-0.877546876469059,-0.9721200461195714,1.2379153501334623,1.5956912436607547,1.6119905757455844,1.5754957274321217,False
5,2,L DELTOID ANTERIOR,133.9723329574512,68,115.66232803940717,96.58828006810405,-16.49114996613627,-0.7996335458258579,2.9201151632551865e-16,-0.14929621338397067,0.636877151318481,0.07364001725490572,103.33333333333337,81.83333333333336,-20.80645161290323,-0.7944177963560504,6.234695441438866e-16,-0.17680770074352328,0.6355712914769724,0.10194420954820392,uni-articular,-0.07407218274392692,-0.3165265580004026,-0.558860503690388,-0.31872237904184136,0.12428976197103513,0.17277317101986847,False
6,2,L DELTOID ANTERIOR,119.97522354398612,61,126.3708080320366,103.82071134026516,-17.844387515552413,-0.8911158117398201,6.554792573456896e-22,-0.1497365948364326,0.74929120414616,0.055064086042594364,116.1666666666667,90.91666666666669,-21.736011477761842,-0.8719352904130138,5.939102877484339e-20,-0.19489745897229027,0.7120060802253011,0.08271787734536662,uni-articular,-0.5097190305211873,-0.6594892630921341,-1.1001042783882578,-0.9097475998853198,0.6896796452399446,0.8253993755137865,False
7,2,L DELTOID ANTERIOR,101.97894001238822,52,115.80457720125169,101.21468924407164,-12.598714411628936,-0.4990181849227354,0.00016615301787546038,-0.1260011048152618,0.2540359167325131,0.07277170525649981,99.75000000000001,85.91666666666669,-13.868003341687546,-0.461771699919962,0.0005691534317361915,-0.1610082285034307,0.24792429176120362,0.11020313478388201,uni-articular,1.3574854318656278,1.155208389830739,-0.5841603639375658,-0.06483968005123106,0.13180028046345693,-0.009453626338824177,False
8,2,L DELTOID ANTERIOR,155.96779060718197,79,112.13067053166913,75.93753761964268,-32.277638883649054,-0.9353456669912367,1.712941973757887e-36,-0.1947845935875026,0.8706042395249981,0.10248176245817275,96.41666666666669,58.58333333333335,-39.23941227312013,-0.9134515107938942,8.510936213790324e-32,-0.1949313137716136,0.8432255867947748,0.12704936469503694,uni-articular,-0.7203456129021479,-0.8431705781324283,0.28149656181944177,0.45302023460014657,-0.06217586409542238,-0.17896692620737412,False
9,2,L DELTOID ANTERIOR,103.97852707145464,53,98.02338843071936,79.68429699310217,-18.708893592858033,-0.9615384615384616,2.7656173636654104e-30,-0.18819103469287923,0.9028063559706656,0.0691545495272802,81.58333333333336,69.66666666666669,-14.60674157303371,-0.8603761676134175,1.512846574995889e-16,-0.14254676761120927,0.7029789010273764,0.0687716938895753,uni-articular,-0.845078076237803,-0.6083479294865372,-0.6895528203467134,-1.3384589146552972,-0.8070168299269372,-0.9333011106224222,False
10,2,L DELTOID ANTERIOR,113.97646236678683,58,89.47084015069595,58.28935330485308,-34.8510048562457,-0.9374327109415855,2.4717880783252088e-27,-0.2898960535888633,0.8812388160692378,0.15203029717651137,84.91666666666669,54.83333333333335,-35.426889106967614,-0.892418146461773,5.23137898665561e-21,-0.27986491417260356,0.8470045081778941,0.15905185874489092,uni-articular,-0.7302843054898149,-0.7501121064121827,1.725183861001961,1.4367898331804625,-1.2585771145819402,-0.7637878107538723,False
11,2,L DELTOID ANTERIOR,309.9359941552976,156,115.18242705483114,105.46311047410647,-8.438193940902034,-0.2723269744432678,0.0005833397814572192,-0.023978927801302043,0.141476176097079,0.05446731561885588,108.6666666666667,93.1666666666667,-14.26380368098159,-0.4229343845972736,3.7915236704056434e-08,-0.046384693631435714,0.27814565079995507,0.08584050928550366,uni-articular,2.4370095371941,1.3270373541646712,-1.117492277572826,-0.813756632260198,0.09895179039740062,0.4439944508095485,False
12,2,L DELTOID ANTERIOR,285.9409494465003,144,88.71386111648017,62.615020053608696,-29.419124288372515,-0.8406116871634113,1.2187554274503083e-39,-0.0778439863046053,0.6932068981470265,0.0992327936082423,73.50000000000001,48.50000000000001,-34.013605442176875,-0.8526927141000715,7.097002892633382e-42,-0.08912699464905649,0.7073381197454797,0.13306869667760385,uni-articular,-0.2692138085347193,-0.5743538223054242,0.18683190441337302,0.6380569320208753,-1.2985443450466607,-1.3443708628036568,False
13,2,L DELTOID ANTERIOR,109.97728824865396,56,108.81263986991671,77.84821306044434,-28.456645153072024,-0.6681476418318524,1.843113251224691e-08,-0.17165522963229637,0.5309997805519597,0.08765253718162784,85.41666666666669,67.00000000000001,-21.5609756097561,-0.3082842306333312,0.02080143704792129,-0.06636708630193436,0.15636358295542163,0.07771973700477376,uni-articular,0.5520756179238476,1.8342870714189792,-0.15058007395119358,-1.0633924535912003,-0.2373623489954348,-0.7383608157735897,False
1,3,R DELTOID POSTERIOR,807.83317186284,405,89.06560676710012,73.52043656167658,-17.453617361045996,-0.30206058372668143,5.448615722564909e-10,-0.005670877930910754,0.07566524857181078,0.061313050130081335,62.75000000000002,66.25000000000001,5.5776892430278755,-0.2613544087091838,9.479370510114032e-08,-0.005696480907222022,0.05834511434754115,0.07905912244365339,uni-articular,0.5506854220906497,0.5881372252009736,-0.3218990695231017,-0.26551071209587773,0.18392973935989698,-0.47154173593182735,False
2,3,R DELTOID POSTERIOR,409.91534710861936,206,75.25911370719272,61.917039790797254,-17.728183683247828,-0.6568494819604169,8.178964559744535e-27,-0.02634045835260517,0.5064121898664771,0.0703408735172702,64.00000000000001,54.666666666666686,-14.583333333333323,-0.5659944009274661,7.630292381951594e-19,-0.018095311955623774,0.35979670123016866,0.06382108805327447,uni-articular,-0.31815244373904106,-0.1969407401348184,-0.05602838630990155,-0.623256966305188,-0.4741355620825913,-0.4073303961925076,False
3,3,R DELTOID POSTERIOR,275.94301415116814,139,145.59689169428523,95.08292586972821,-34.6943985113521,-0.9360025023459492,5.448659451174543e-64,-0.18735095705050853,0.8801807194417005,0.13258317187537488,130.1666666666667,81.41666666666669,-37.451984635083235,-0.8704192389645182,5.356853130324361e-44,-0.17304055371680047,0.742816773982217,0.15779202654361876,uni-articular,-1.001766603255084,-0.9814642385222503,1.777016156044851,1.5829167689818213,2.8784066709833125,2.9915898540088377,False
4,3,R DELTOID POSTERIOR,63.98678589012595,33,78.53912798515766,60.39496462290635,-23.102068774789807,-0.9712566844919787,6.925911244085357e-21,-0.25741982428087434,0.893993207444023,0.07668711229007308,68.91666666666669,54.666666666666686,-20.677146311970972,-0.8806419749967612,1.4033596750094645e-11,-0.20329230808234192,0.7716423271200293,0.07229777809429888,uni-articular,-1.0881001061629125,-1.007808924083454,0.13086924847918555,-0.42424808940013725,-0.31779871570176677,-0.15476579321784834,False
5,3,R DELTOID POSTERIOR,127.97357178025189,65,100.83279736362736,74.37007725019629,-26.244159445463094,-0.8320367132867134,8.998300906872687e-18,-0.14857928302508644,0.6669976377190994,0.0821807032599402,81.25000000000001,61.416666666666686,-24.4102564102564,-0.8106761426413235,2.768419231497189e-16,-0.1336431965200209,0.6214676034122686,0.09590917447573422,uni-articular,-0.7471661500413054,-0.8275022187534644,0.2926562841588063,0.13008118927920478,0.7447948188145381,0.4787860922101097,False
6,3,R DELTOID POSTERIOR,277.9426012102346,140,76.41918026939084,69.64088751647036,-8.869884142993714,-0.8525857733266274,1.012140265642328e-40,-0.04033971131199155,0.7506149843694473,0.053520772176908475,69.58333333333336,62.416666666666686,-10.299401197604793,-0.8215014969571441,1.7682633922889223e-35,-0.04094047941523707,0.6795634474326007,0.06339275199924531,uni-articular,-0.7974884728613476,-0.8553998925894523,-0.5513827639136203,-0.6333130939490841,-0.4188427698699849,-0.12051974535687739,False
7,3,R DELTOID POSTERIOR,131.97274589838474,67,78.42349637902963,79.52537988703368,1.4050425687201227,-0.31618644744193475,0.009143672913991823,-0.06793375664995366,0.10433728603107843,0.09168710335806664,58.83333333333335,58.416666666666686,-0.7082152974504207,-0.3611904115893923,0.0026740830597121704,-0.08318921698165421,0.13230841286296277,0.12946937086933297,uni-articular,0.5160927802564167,0.33085306025032657,0.5726211196000464,0.9179803528300625,-0.3233101187360311,-0.6727372671150306,False
8,3,R DELTOID POSTERIOR,179.96283531597925,91,91.16004241237793,85.0596758323273,-6.691930388156894,-0.5059882146838669,3.114087551428093e-07,-0.09960699095061984,0.26398409582008675,0.10136644489105588,73.58333333333336,67.08333333333336,-8.833522083805207,-0.5030402246225057,3.739334003656002e-07,-0.12733557595378572,0.23075961674597747,0.16625640785033216,uni-articular,0.05128972919661982,-0.03470354900636178,0.8576791049037544,1.7816366713721143,0.28375779984427896,0.08495654180894692,False
9,3,R DELTOID POSTERIOR,179.96283531597925,91,70.69161495510436,66.91071211686996,-5.348445979959032,-0.6036630036630037,2.391512903155893e-10,-0.019903058889741646,0.3797024581424558,0.02536038864717083,63.08333333333335,57.83333333333335,-8.322324966974898,-0.3927875436636177,0.00011756824150328221,-0.018486059220562113,0.2082253609756485,0.0360133846376892,uni-articular,-0.18790477667568742,0.24942510334076604,-1.3807100654669187,-1.2761037495733871,-0.6918383798864473,-0.45441871200134226,False
10,3,R DELTOID POSTERIOR,135.97192001651763,69,84.15606713150116,55.4842717768469,-34.0697900127059,-0.9690902447935698,1.8906482800026813e-42,-0.19038353712657988,0.8798930501702555,0.1257557677703967,77.08333333333336,50.166666666666686,-34.91891891891891,-0.9407777232885227,3.4547893867261225e-33,-0.18906899697407023,0.8707471276989076,0.1352781232687743,uni-articular,-1.0827947404838143,-1.1627828346625135,1.5759481337639694,1.0543535463333886,-0.050075932190843934,0.2647482930790432,False
11,3,R DELTOID POSTERIOR,219.95457649730795,111,86.33366284059495,81.86302670393879,-5.178323251395781,0.056932256932256925,0.5528397104766312,0.005688029291942029,0.00895837205734088,0.047192713154134584,73.25000000000001,67.33333333333336,-8.077360637087585,-0.3759411238906426,4.779630052382921e-05,-0.02191681896313549,0.13867417304323318,0.05759934379697884,uni-articular,1.4298182672248447,0.29283947209207345,-0.7377450024777755,-0.76932604879416,0.05371582510094496,0.06783351787846108,True
12,3,R DELTOID POSTERIOR,105.97811413052108,54,58.80497695715701,59.81748066529016,1.721799345097649,0.3240327806365542,0.016833998379518517,0.024664230465678633,0.12492150307938615,0.03593935565151356,48.00000000000001,50.75000000000002,5.729166666666695,0.30090322094335265,0.0270388185521189,0.03329732660124408,0.12163966754048945,0.058324670741193185,uni-articular,2.083917226162247,2.0371133516376254,-1.0691579820349544,-0.7522974090941734,-1.258396736401452,-1.2292355448558052,True
13,3,R DELTOID POSTERIOR,839.826564807903,421,72.4042839840255,63.54235222251045,-12.239513014824158,-0.2853654692618568,2.4882934934947896e-09,-0.003006486581221218,0.10451007245816443,0.03523617415262928,64.58333333333336,57.166666666666686,-11.483870967741938,0.11896034149383017,0.014594693034964636,0.0017055564113054754,0.015128655263783911,0.05957630892305591,uni-articular,0.5915698682884124,1.5682341852305495,-1.0898667772243407,-0.7229124595845795,-0.6102066392338529,-0.37736510431415776,False
1,4,L DELTOID POSTERIOR,695.8562965551196,349,80.34792668900182,68.89266297281328,-14.25707443644163,-0.46987818820839267,1.4377497528543797e-20,-0.007627541176021211,0.23469077396171958,0.04477428371774803,64.58333333333336,55.33333333333334,-14.322580645161306,-0.2844009032104714,6.443874720592282e-08,-0.004075572949025632,0.0911823306525465,0.04471054572878226,uni-articular,-0.2066351416347729,-0.04843568011056314,-0.6665020021046614,-1.038487900650837,0.4396365766524645,0.25783378473540725,False
2,4,L DELTOID POSTERIOR,293.9392976827661,148,73.7391191650957,59.85510231175899,-18.828563468803527,-0.4490425228680263,1.0383358586211063e-08,-0.02809055690290657,0.3332884066337517,0.06887112040272012,63.33333333333335,56.58333333333335,-10.657894736842103,-0.5158160496481186,1.9576060705558743e-11,-0.02353435529387182,0.3409597302805877,0.06133813308877371,uni-articular,-0.16740161027467482,-0.5190660734555327,0.16625011502454257,-0.397644142352053,-0.14313540943186082,0.12083763208307875,False
3,4,L DELTOID POSTERIOR,211.95622826104218,107,63.92876736409829,58.92047204861342,-7.834180951684479,-0.21348380650091106,0.027252979273358537,-0.015724422988747495,0.1042374979250935,0.05138869173240509,54.416666666666686,51.58333333333335,-5.206738131699849,-0.10227029675481339,0.2945381582598808,-0.008193956548762623,0.026304807642239254,0.061721620535882996,uni-articular,0.276155153320913,0.3219644439775967,-0.43791754723315596,-0.3828641546397497,-1.008223124964853,-0.8564015901701919,False
4,4,L DELTOID POSTERIOR,81.98306942172385,42,76.30340717908477,59.93232167527151,-21.455248342174524,-0.9350133700672555,1.306358689680951e-19,-0.19390218551334648,0.8576786968049397,0.07575258605047804,68.83333333333336,54.25000000000002,-21.186440677966097,-0.8489764838326648,1.2158990259716233e-12,-0.18640912244898877,0.7015486013997865,0.08863445361089844,uni-articular,-1.0824840980292578,-1.1966164784351871,0.40406369869281467,0.6543832054769374,0.08298635510719501,0.7236207037533214,False
5,4,L DELTOID POSTERIOR,167.9653129615806,85,82.7696754267311,78.5880047048788,-5.052177262135061,-0.41770568692593313,6.96503573577669e-05,-0.023925516430529314,0.15547568849180898,0.03770064373546395,63.08333333333335,62.50000000000002,-0.9247027741083146,-0.12166629133558438,0.26733268857288284,-0.009304246633540833,0.019955606512868655,0.05152015824596676,uni-articular,-0.10839438801532826,0.2825186916170238,-0.9109568551655405,-0.7760386599046317,0.6531890695308672,0.09343840155261321,False
6,4,L DELTOID POSTERIOR,279.942188269301,141,80.44886080929159,65.5731742222522,-18.49086045146495,-0.7855558885226251,9.060870426028036e-31,-0.04397612832250474,0.6268409603199164,0.06502315279018704,59.416666666666686,55.58333333333335,-6.451612903225809,-0.5147710606724696,6.56575235129807e-11,-0.0204990096137639,0.2731390501218103,0.05552449173916633,uni-articular,-0.8010558501958517,-0.5169408730085372,0.03326987293409667,-0.6217076634885027,0.4485370594600155,-0.3084169795608811,False
7,4,L DELTOID POSTERIOR,131.97274589838474,67,82.55780474628251,67.56207556137117,-18.163914642590566,-0.5833665895123316,2.2104995272682012e-07,-0.1243525364131633,0.2930834958381392,0.1133052006560485,66.50000000000001,54.08333333333335,-18.67167919799498,-0.6102706545777916,4.1877317082664106e-08,-0.10665463337130932,0.313267978216548,0.11737552956443482,uni-articular,-0.4203336570807496,-0.7111589790219939,1.7018282030282974,1.7620928649031105,0.6345060776610902,0.46789455213564196,False
8,4,L DELTOID POSTERIOR,49.9896764766609,26,59.3042031164224,58.60052033622933,-1.1865647681187834,-0.23145299145299145,0.2552569974415375,-0.026020332738859234,0.08372932661710873,0.022407725823834185,47.83333333333334,50.00000000000002,4.5296167247387,0.24101357757118258,0.2355922946399004,0.02312443263205775,0.01694439740578156,0.05226791034870666,uni-articular,0.24231920088953018,1.020102950856011,-1.4394581657103842,-0.747219549986817,-1.4160223355854897,-1.5779146608057855,False
9,4,L DELTOID POSTERIOR,247.94879532423803,125,72.22539275984492,67.84316503377174,-6.067433569581867,-0.34509984639016894,8.102088572692999e-05,-0.011363961673451127,0.1866573225195171,0.028629927002134944,66.75000000000001,63.75000000000002,-4.494382022471898,-0.4531463296149383,1.1179335954653804e-07,-0.015166725951032757,0.23890738617996973,0.036145285515518245,uni-articular,0.028322317453511693,-0.39161428197142717,-1.2244278166162543,-1.3686015501561481,-0.27661748473595216,0.4952937826661075,False
10,4,L DELTOID POSTERIOR,297.9384718008989,150,98.28150383498662,64.00284373384112,-34.87803784392528,-0.9190719587537225,1.0006373491010244e-61,-0.07949068865376326,0.7247499698198396,0.11008202328908964,82.91666666666669,57.50000000000002,-30.65326633165828,-0.8588258969406476,7.70342640027591e-45,-0.06293290133696174,0.7297857622536367,0.09574532991429813,uni-articular,-1.0524664407825743,-1.2166472898863123,1.5904398157761293,0.9284434522469031,2.021039323389575,2.2671106903028795,False
11,4,L DELTOID POSTERIOR,425.91204358115084,214,85.61670506972136,102.77238262349731,20.037768960864984,0.8558953809796401,1.234892375686949e-62,0.059253971475517156,0.7537066227446568,0.0890403130479023,66.00000000000001,81.08333333333336,22.853535353535364,0.7294492296392058,8.130118591442631e-37,0.04593367066639559,0.49284771037315783,0.10983371238976193,uni-articular,2.2897948044901564,2.0134375125521173,0.8632684870059973,1.4714237282459819,0.9042433048803838,0.4130960910747109,True
12,4,L DELTOID POSTERIOR,691.8571224369867,347,62.91008865258713,66.25098238614638,5.310585003319427,0.5497013324724754,8.637543231878475e-29,0.008307032071477755,0.28416376875449495,0.04709899347550015,50.666666666666686,56.416666666666686,11.348684210526311,0.4856931288581865,6.109609247617692e-22,0.008816303512966679,0.22732014732881506,0.06533863377064184,uni-articular,1.7132318002309408,1.517709245164411,-0.5861633668809634,-0.24346086629759242,-1.0980513449185645,-1.267390048127175,True
13,4,L DELTOID POSTERIOR,241.9500341470387,122,61.27666941549739,49.77280965014389,-18.773637462815614,-0.737757789446205,3.251692045965341e-22,-0.04428369792382497,0.5757528368632083,0.07871109604848191,54.666666666666686,46.41666666666668,-15.091463414634154,-0.5336097293469294,2.474864602478802e-10,-0.0370544021870309,0.36984442454781163,0.09136655825999153,uni-articular,-0.7110520903718406,-0.5552531882776047,0.5063055612490781,0.7596812366034023,-1.2420880670448742,-0.8290023596397263,False
1,5,R BICEPS BRACHII,173.96407413877986,88,88.89501961773665,66.7514572807173,-24.90978958353386,-0.9516748265295342,7.267838534337583e-46,-0.1428976614996274,0.9047452485705795,0.09499519014711363,80.41666666666669,57.58333333333335,-28.393782383419687,-0.9355821945847455,1.2072592858582816e-40,-0.14840402521939958,0.8773332616530147,0.11037458970303231,uni-articular,-1.0581346811569627,-1.1167397232196548,0.6301860775268187,0.5561729466600034,-0.369385904221401,-0.2260568774475876,False
2,5,R BICEPS BRACHII,171.96448707971348,87,83.37335619940659,57.72619703403444,-30.761816885518023,-0.9538164321644673,3.624702553125655e-46,-0.19158240916599414,0.9187316359566767,0.14283391777905055,69.50000000000001,48.33333333333334,-30.455635491606714,-0.9208509302562973,1.5969862496155725e-36,-0.18560641293310037,0.8656904235218088,0.16843981480532683,uni-articular,-1.0632380694685837,-1.075977456364979,2.041875662535195,1.975241015817341,-0.6951724910641934,-0.8709058930141539,False
3,5,R BICEPS BRACHII,277.9426012102346,140,75.81458927542825,78.349118740919,3.3430629773420115,0.3641293652008485,9.751528282284265e-06,0.017420579013655752,0.1393530902242788,0.04648042610328212,64.25000000000001,71.00000000000001,10.505836575875485,0.22664718223265526,0.007085082670531624,0.011810621177692273,0.06441256772705173,0.05256392711942701,uni-articular,2.077391123839505,2.0992166908327454,-0.801452900138918,-0.8566738163499846,-1.141151300407819,-1.1810241218744109,True
4,5,R BICEPS BRACHII,249.94838238330445,126,89.1493174111228,60.862523355918775,-31.729681030260803,-0.9584191976003001,2.1978677200141188e-69,-0.10391998737764402,0.8969791561314475,0.10726532617497864,80.66666666666669,55.08333333333335,-31.71487603305785,-0.9018154967637092,5.170713322239909e-47,-0.10312627940768726,0.8202946985505535,0.1253100715432173,uni-articular,-1.0742063350274738,-1.0233053026095897,0.9922697719436666,0.9211842824388131,-0.3543819454734081,-0.2112893427399563,False
5,5,R BICEPS BRACHII,185.96159649317852,94,113.85811730656671,95.74199966008574,-15.911134028066467,-0.6674204385362857,2.0424947593296064e-13,-0.0709216719944841,0.4469297218541681,0.056449767491378616,106.25000000000004,84.58333333333336,-20.392156862745107,-0.6887650969199894,1.682915563611298e-14,-0.08358388694345843,0.4710426626129019,0.0721914033441779,uni-articular,-0.38076416179100875,-0.4337824308249735,-0.5072641517414106,-0.37699385748269093,1.1034750394698625,1.2999217090076463,False
6,5,R BICEPS BRACHII,19.995870590664357,11,125.43866956575125,121.3189658670088,-3.284237399044661,-0.43636363636363645,0.17966487658001118,-0.32526939369576224,0.22263749031464564,0.036062438606750444,110.00000000000004,108.33333333333337,-1.515151515151519,-0.33257489473208984,0.31764782225270016,-0.1818557296555708,0.08900013906271728,0.03560023683904929,uni-articular,0.16983794921120154,0.5518166154541386,-1.108880901961085,-1.2712529585051995,1.7867453347489868,1.5214347296221156,False
7,5,R BICEPS BRACHII,319.93392945062976,161,107.9828702706862,106.38114622951753,-1.4833130821152987,0.07245801702323443,0.3610181277861514,0.001202617480787412,0.0009596236193128086,0.03432390248814289,95.08333333333337,96.83333333333337,1.8404907975460116,0.05183873451761964,0.513708615361356,0.0016742731091604045,0.0015997454321837461,0.04095915070538355,uni-articular,1.3823461889344681,1.6155115291209048,-1.1601839665133433,-1.1402853519957583,0.7568264783997232,0.6403051587334487,True
8,5,R BICEPS BRACHII,343.92897415942696,173,119.77659263914468,103.51700852802217,-13.574926246322894,-0.7512249050901355,1.1332992226946108e-32,-0.0452214023829526,0.6249226140220643,0.053350607310006,110.58333333333337,92.25000000000001,-16.57874905802564,-0.6940978129432416,3.4062555641264946e-26,-0.047416630133571544,0.5273198872608198,0.06822090715945311,uni-articular,-0.5804679392261569,-0.44853836682296033,-0.5987183430814751,-0.47402963654886593,1.452674136161087,1.5558923106065883,False
9,5,R BICEPS BRACHII,255.94714356050375,129,87.94313065435664,77.7214624381756,-11.62304336919197,-0.5094253130590342,7.035331755130124e-10,-0.027852276746355792,0.1847990962558998,0.05845621344172258,74.08333333333336,67.33333333333336,-9.111361079865015,-0.3397913085672806,8.161725960392117e-05,-0.015974899418284953,0.10487289967552693,0.053369752646851315,uni-articular,-0.00426605051345507,0.5318483778388675,-0.4480552431605758,-0.8369800792936806,-0.4255488089365687,-0.6001677567075798,False
10,5,R BICEPS BRACHII,251.9479694423709,127,75.57114896615566,58.35893966405382,-22.776164631042306,-0.8045439632545932,4.557821034363902e-30,-0.09620831308965506,0.668233641496252,0.11822108375955209,68.08333333333336,50.08333333333335,-26.438188494492042,-0.7755427369522252,9.76838468316346e-27,-0.09059478548135465,0.6341107280520999,0.13018673294561484,uni-articular,-0.7075258129002832,-0.6739012177224453,1.315567017577218,1.0403660210447128,-1.1555146509870284,-0.9545885896907306,False
11,5,R BICEPS BRACHII,485.8996553531439,244,103.56875154463076,89.79924747266311,-13.29503722561913,-0.5674898496131908,3.3672979698516605e-22,-0.032506441124711245,0.31788921321878605,0.0908765221272637,94.4166666666667,81.91666666666669,-13.239187996469559,-0.6226246183868595,1.375866886647187e-27,-0.04320036436187797,0.4264163716983572,0.12110672991848842,uni-articular,-0.1426322708560825,-0.2507678724169108,0.508646876223989,0.818457945411714,0.4963867223460343,0.600925066179765,False
12,5,R BICEPS BRACHII,337.93021298222766,170,80.4846343347866,76.3747140112929,-5.106465796189055,-0.4014447884416925,5.7774245674277236e-08,-0.014721974651044838,0.11241501487660792,0.05354533458665435,68.41666666666669,62.08333333333335,-9.25700365408039,-0.5199244844373002,3.7077126368723906e-13,-0.021524830658623817,0.24738303707981085,0.061877906280299884,uni-articular,0.25304861948275326,0.03340938302602767,-0.5929720684214025,-0.6290475494973784,-0.8656114992602622,-0.9348985434138891,False
13,5,R BICEPS BRACHII,213.95581532010863,108,85.1670619093847,78.67225126788021,-7.625965362542127,-0.03402021587737099,0.7266871652914678,-0.005812243969982848,0.004004191653735955,0.06445558089549028,73.41666666666669,58.50000000000002,-20.317820658342782,-0.4628962707079618,4.5550832049720837e-07,-0.05298651818995601,0.21188381148297022,0.09882217289602041,uni-articular,1.1286114394720776,0.19120977370883113,-0.2710178307886789,0.2738410383009788,-0.5893411107750035,-0.6395478492612635,False
1,6,L BICEPS BRACHII,205.9574670838429,104,80.22810358803906,66.81623075853652,-16.7171754406296,-0.8645684412674705,2.989406421763722e-32,-0.07846339293300024,0.7444652626034816,0.07700511573878689,69.00000000000001,57.75000000000002,-16.304347826086943,-0.8526494619271048,1.6130380429002087e-30,-0.07610461231994252,0.7075346543966475,0.08897032760055842,uni-articular,-0.8735818152635517,-0.9391135641974826,-0.09115366066643667,0.10684331832758492,-0.5466089597857569,-0.475011566568182,False
2,6,L BICEPS BRACHII,197.95911884757714,100,62.75036257059671,44.783304103990844,-28.63259705693683,-0.9507350735073506,1.2043966274753206e-51,-0.1115216139953715,0.914708143303597,0.12459396338810426,51.08333333333335,37.58333333333334,-26.427406199021213,-0.9305611718815625,1.488730115303723e-44,-0.08388320599335554,0.8645417664225225,0.115307107128183,uni-articular,-1.2105233494797722,-1.2443547671125075,1.8111207213155545,1.2194559779992495,-1.919983578276105,-1.9149869771517674,False
3,6,L BICEPS BRACHII,267.94466591490243,135,96.5842046919279,84.1085278959036,-12.916891365226466,-0.5972636815920399,2.0693680557808792e-14,-0.04208344518777583,0.4252914296293875,0.056730393104066544,83.25000000000001,73.50000000000001,-11.71171171171171,-0.49872473290805575,7.45901447681509e-10,-0.03332070278271152,0.2980523125493012,0.061431991742013,uni-articular,0.17167286728690215,0.44748685941403443,-0.9015974384613413,-1.056529791523227,0.7386288802260224,0.6702712018494604,False
4,6,L BICEPS BRACHII,325.93269062782906,164,97.17898598986767,71.38739655354061,-26.540294873025545,-0.9286384721069741,1.159194410112529e-71,-0.09496649561550108,0.8453448988764609,0.12396422290166614,85.16666666666669,61.08333333333335,-28.277886497064575,-0.8835904264827407,2.9410994711199834e-55,-0.08653538771251679,0.7918747657504653,0.1382870630477391,uni-articular,-1.124117944240303,-1.060333561112376,1.785948033725476,2.1902576604136446,0.7853659006068615,0.8243150829816583,False
5,6,L BICEPS BRACHII,195.95953178851076,99,85.61934077271927,81.09122699345835,-5.288657607492003,-0.6214718614718614,6.693671671464176e-12,-0.06747016869938326,0.3829456694062086,0.07374869829231108,76.00000000000001,69.33333333333336,-8.77192982456139,-0.7144876799682383,1.0061230341429712e-16,-0.06020878260322832,0.4589769507881486,0.06915806899311658,uni-articular,0.07701045496722768,-0.3978256301159526,-0.22132280304866467,-0.7301371378518607,-0.12297364534140384,0.08758347756680024,False
6,6,L BICEPS BRACHII,295.9388847418325,149,100.12995070205982,70.20273317728468,-29.88837736855041,-0.7516560856158173,2.340081897532535e-28,-0.06407753280300006,0.5705757858936079,0.08921217668665757,91.25000000000001,62.08333333333335,-31.963470319634695,-0.7061509658262284,8.436816095142835e-24,-0.0643004156253102,0.5110634257224154,0.1058621517228291,uni-articular,-0.432055189976375,-0.36516418994793076,0.3968005653224812,0.8204483110592334,1.017248272118191,1.3132369665751544,False
7,6,L BICEPS BRACHII,277.9426012102346,140,94.54944210151625,85.0431378464292,-10.054320833411449,-0.5733572412586649,1.3249382519689025e-13,-0.02902190281603307,0.3651907838321719,0.04472169858103912,83.58333333333336,72.50000000000001,-13.260219341974086,-0.5157755533800111,6.95993568939677e-11,-0.034760681241613064,0.31002682594888825,0.0671075741770588,uni-articular,0.26515537291798325,0.3806854382336999,-1.381622340945615,-0.8167614910133414,0.5787402943077281,0.6970614420463651,False
8,6,L BICEPS BRACHII,215.95540237917504,109,105.27320136071837,86.75373594513162,-17.591813658378115,-0.8799091835789083,2.2947639447807533e-36,-0.0874576012242937,0.7655704650703028,0.06658049663628215,91.66666666666669,76.33333333333336,-16.72727272727272,-0.8603219510704958,4.3401528221402846e-33,-0.08996042386026247,0.7168184727191536,0.08042501117757014,uni-articular,-0.9335694591584845,-0.9691727147006625,-0.5078581374536428,-0.25415857346197207,1.4213971780944337,1.3467247668212847,False
9,6,L BICEPS BRACHII,251.9479694423709,127,81.92313060283617,75.67649040732195,-7.625001815174724,-0.29163151481064864,0.0008789842628121197,-0.03199411415386858,0.12121279608649903,0.08827938244541834,72.16666666666669,63.25000000000002,-12.355658198614313,-0.33137712896558374,0.00014145442285319574,-0.03141540203513704,0.13110611275804598,0.09688689158639247,uni-articular,1.3668010567519628,1.1031185219998803,0.35951387576350097,0.441283195553309,-0.4134162847452803,-0.22050428469759442,False
10,6,L BICEPS BRACHII,431.91080475835014,217,76.49602263966021,66.56546418410764,-12.981797109022455,-0.6397685048173359,2.2284582595693748e-26,-0.021371410408432278,0.41991094580911,0.060277570744975695,69.75000000000001,61.58333333333335,-11.708482676224605,-0.6878670889918187,9.45964512164872e-32,-0.022821144621141293,0.490739302481066,0.06614072624964978,uni-articular,0.0054642088209391195,-0.2935319210354956,-0.7598057059872817,-0.8576065473682483,-0.8398702710467335,-0.4147335261251482,False
11,6,L BICEPS BRACHII,325.93269062782906,164,98.6942066328179,79.72466364265229,-19.220523308667882,-0.7010542353053201,1.4428391370366677e-25,-0.05692201625532396,0.49092907210961834,0.09036091925376818,77.16666666666669,68.08333333333336,-11.771058315334765,-0.6051792975457186,9.246133472271006e-18,-0.04008060960715566,0.359734551571618,0.08886001248633216,uni-articular,-0.234184336322339,0.030420934602608522,0.4427193817016818,0.10218299178642484,0.9044296612132073,0.18134931825596434,False
12,6,L BICEPS BRACHII,323.9331035687626,163,83.14237606509154,64.51923798284963,-22.399092933863223,-0.0734589145482457,0.35138678807041795,-0.008158477174021602,0.01509378943277252,0.08529243388322211,68.08333333333336,54.75000000000002,-19.583843329253362,-0.13528420876784542,0.0851011337685445,-0.011315244638324748,0.03783045255313568,0.08964083754605484,uni-articular,2.219931888785726,1.8713681070656611,0.24011624352759306,0.1351694032618714,-0.31760980895988156,-0.548684727109667,False
13,6,L BICEPS BRACHII,315.9347553324969,159,70.82682069642915,70.84309433076727,0.022976655140106057,-0.46164318127537624,9.088398463462238e-10,-0.017412827470131627,0.21690693581939563,0.04994429924370112,55.666666666666686,59.00000000000002,5.98802395209581,-0.24630403227278158,0.0017502687403405947,-0.007939527383967514,0.057648586432802226,0.055658192531322426,uni-articular,0.7019962449100869,1.4364164869065201,-1.1728587347933108,-1.3004473171826751,-1.2853476384112872,-1.5466211744443383,False
1,7,R DELTOID MEDIUS,107.97770118958752,55,119.37892310396448,82.81266444011207,-30.63041424155557,-0.9761904761904765,7.433393673200536e-37,-0.4025665504987571,0.9528378682125475,0.12919730709743338,108.50000000000004,71.75000000000001,-33.8709677419355,-0.9574568197759482,2.8168048958958676e-30,-0.38634419868147046,0.928527863788649,0.13890385462312332,uni-articular,-1.071943433290081,-1.1293913071023518,2.02650493811468,1.6995289114741203,0.7973472359351778,0.7510370478193059,False
2,7,R DELTOID MEDIUS,75.98430824452456,39,75.50955418593178,72.08455655039559,-4.535846718287604,-0.32388663967611336,0.044278264618249324,-0.03235597453049342,0.14455128166098394,0.025784971872906185,63.83333333333335,58.33333333333335,-8.616187989556133,-0.5302052773754911,0.0005171571539449004,-0.06615738424236187,0.2772879413559805,0.0459162422223338,uni-articular,0.9783477443733495,0.1398261284715734,-1.088876823490949,-0.8519885041599046,-1.4254206279588708,-1.3981318019568418,False
3,7,R DELTOID MEDIUS,199.95870590664356,101,142.8624284602797,125.67904887322372,-12.027920687231978,-0.7209551543389633,1.873639543198298e-17,-0.0697898225340353,0.511119484334491,0.04322183773319951,126.75000000000004,118.75000000000004,-6.311637080867848,-0.6572243319104316,8.359793188070689e-14,-0.07082854362972157,0.4270085047393373,0.05355204290268882,uni-articular,-0.2696996025369547,-0.23750381107667828,-0.5635768797001279,-0.6424672796094553,1.9872066372666797,1.6291489472614256,False
4,7,R DELTOID MEDIUS,85.98224353985673,44,123.51767668629924,117.17806543347511,-5.1325538359379825,-0.3062720225510923,0.043179258120886084,-0.05515333906830968,0.11852241935526449,0.03461963645398442,115.33333333333337,108.33333333333337,-6.069364161849709,-0.2747946761621516,0.07103765516867741,-0.06660994749012188,0.09322368634813612,0.05119418449694759,uni-articular,1.0337131922945724,0.8985632098383798,-0.8227252773911908,-0.707165325193393,1.0070491004999214,1.0798278046880445,False
5,7,R DELTOID MEDIUS,93.98059177612248,48,90.50531432299842,74.11538550130184,-18.109355173557702,-0.8162179765523231,1.5552575372750858e-12,-0.1506312368063637,0.6936447675861689,0.06237458056774616,83.16666666666669,65.25000000000001,-21.54308617234469,-0.729593352372844,4.0420600057806185e-09,-0.1493130150066719,0.5584729836615087,0.07727876815087892,uni-articular,-0.569125288865983,-0.45248728907711167,0.013415271013025407,0.008578070665680438,-0.6656172720087506,-0.46789453862089775,False
6,7,R DELTOID MEDIUS,157.9673776662484,80,105.32879343255242,69.82446197437537,-33.708096619289904,-0.9551804969526491,5.462573884586597e-43,-0.2037307777410326,0.9100419191616881,0.11302655648055474,94.58333333333336,60.25000000000002,-36.29955947136563,-0.936793325959438,2.5592072100323498e-37,-0.20499134012885012,0.8775682041696764,0.13095730007414824,uni-articular,-1.005905840587281,-1.0680071714607604,1.5393477587132411,1.4814808102001107,0.08545696973347548,0.08142660395248322,False
7,7,R DELTOID MEDIUS,105.97811413052108,54,95.3602655569269,93.03019398288477,-2.4434407354404457,-0.22965504097579564,0.09481350814430389,-0.050074754723210844,0.08600000342171263,0.056210653706268585,85.33333333333336,75.66666666666669,-11.328125000000004,-0.31772502038023664,0.019222720787215562,-0.06821019545493148,0.11198311275614703,0.0775434616253065,uni-articular,1.2745321367644373,0.7710319174043012,-0.17227810185613043,0.015841081214824377,-0.4196271916929808,-0.36364381083324865,False
8,7,R DELTOID MEDIUS,69.98554706732524,36,95.18131301113168,79.94404109888676,-16.008680097177148,-0.903989703989704,4.245069038203215e-14,-0.22953620270605266,0.8326955860901937,0.05974542420678698,84.08333333333336,71.08333333333336,-15.46085232903865,-0.8864987960221813,6.35723293826827e-13,-0.21521496320443892,0.7677102472780954,0.06631630231691886,uni-articular,-0.8450053133876215,-0.918599415196818,-0.06579022954508368,-0.2922246037065091,-0.42869433758010006,-0.4237884614799691,False
9,7,R DELTOID MEDIUS,117.97563648491972,60,99.42082340396264,83.74281495794548,-15.769340777147775,-0.6178938594053905,1.443067833515318e-07,-0.09229025234608673,0.47725684415770364,0.05423173510721079,88.91666666666669,71.66666666666669,-19.400187441424553,-0.6041003804906111,3.2144757480105965e-07,-0.100031073023329,0.4359208094751773,0.07030126703271149,uni-articular,0.05423788170352047,-0.0796908163949153,-0.23189465434787399,-0.18287985755679884,-0.2138873391608465,-0.19122914564598337,False
10,7,R DELTOID MEDIUS,107.97770118958752,55,94.4673955250758,80.47799257056765,-14.808710324605856,-0.933766233766234,2.5982064406042574e-25,-0.11922445132808357,0.8631474404241652,0.047013501375815274,86.08333333333336,75.16666666666669,-12.681510164569218,-0.6709759582991152,2.075456099173874e-08,-0.07330157039589129,0.4804862490386909,0.041726492066878076,uni-articular,-0.9385975213201708,-0.27835516501668683,-0.4493498899246698,-0.966952424759611,-0.46486702218019105,-0.3275570204452163,False
11,7,R DELTOID MEDIUS,167.9653129615806,85,131.08683737927296,90.39829578942432,-31.03938000435899,-0.9666406097322651,7.221190649474617e-51,-0.2264138226595541,0.9466172130218273,0.10496920114621854,127.75000000000004,78.41666666666669,-38.617090671885194,-0.9349219105847439,4.203987041053504e-39,-0.26624121288613734,0.8846901236923723,0.14127058537150702,uni-articular,-1.0419267357772133,-1.0624478398093922,1.2966132938076154,1.7644704081606863,1.3905624165092663,1.677264667778802,False
12,7,R DELTOID MEDIUS,101.97894001238822,52,88.14255216426837,86.75211800612918,-1.5774834333681191,-0.14633313412447707,0.3005955698736285,-0.012708218039871612,0.030472873136587628,0.025029495843124465,75.58333333333336,76.83333333333336,1.6538037486218298,0.017225918093438507,0.9035269414816156,-0.0004589865967679347,2.0299966979891514e-05,0.040410483166439234,uni-articular,1.536425691516803,1.7660559933482403,-1.111636161043883,-1.0030628220685174,-0.785333418513226,-0.8327720858776687,False
13,7,R DELTOID MEDIUS,93.98059177612248,48,86.58650256584541,75.90054242608925,-12.341369408736583,-0.35996526270082496,0.011969474601299154,-0.06261460692546818,0.17167299934224808,0.049655641448822826,67.66666666666669,63.58333333333335,-6.034482758620691,-0.021503042862951103,0.8846578672598762,-0.005008090036582458,0.0009460941786480054,0.0651889473340005,uni-articular,0.8649470891126286,1.6510055660722194,-0.3697532443486514,-0.3231584646612351,-0.8641751508495684,-1.2136882066402321,False
1,8,L DELTOID MEDIUS,113.97646236678683,58,134.04535430906222,105.43022302724575,-21.34735025269125,-0.9371251038174044,2.823942129922904e-27,-0.27719352965331423,0.8446438996175084,0.0846731911362025,118.33333333333337,92.75000000000001,-21.619718309859167,-0.8465904802014793,5.722194224837872e-17,-0.2687426202082341,0.6725984662532777,0.102112011660725,uni-articular,-1.2118565534347965,-1.0120097541104813,0.4652256156673158,0.5081926649942757,1.1626767649858938,1.1417007492984474,False
2,8,L DELTOID MEDIUS,77.98389530359098,40,97.97785260168466,86.97940124566435,-11.225446428932246,-0.46941838649155726,0.0022448541324989195,-0.13078976032617515,0.19864863740023633,0.07428989493846778,82.91666666666669,69.66666666666669,-15.979899497487434,-0.3741494102320435,0.017388067025738994,-0.10228425188548641,0.12866444331846844,0.08702662640385275,uni-articular,0.747577592447875,0.5965214787027688,0.08621292033445994,-0.011269630292430206,-0.9068978088158661,-0.9602308201363811,False
3,8,L DELTOID MEDIUS,125.97398472118543,64,132.84465997859135,118.33160592244265,-10.924830594235074,-0.7467032967032966,1.4025608185816947e-12,-0.13344491239085668,0.5704323538455462,0.05474970132197723,121.75000000000004,105.83333333333337,-13.073237508555783,-0.6867579144368321,3.722231988520151e-10,-0.127581859285307,0.43660777872450546,0.06667254911390395,uni-articular,-0.4140938163216625,-0.46782405478136607,-0.6270462710509966,-0.7121583068121853,1.0937802143622573,1.3444753242321605,False
4,8,L DELTOID MEDIUS,83.9826564807903,43,125.66916100896758,120.90877234420674,-3.788032502597152,-0.3313198429477499,0.029984066063349746,-0.06348314258731735,0.11810879823956526,0.0371087868858882,110.58333333333337,110.9166666666667,0.30143180105500694,-0.10144654726009673,0.5174375862978057,-0.018616045415323183,0.004828962817568449,0.05996315570523495,uni-articular,1.326134606261042,1.5249993360498164,-1.2709776779213,-0.9431949585583482,0.6820458407880405,0.6817486646927088,False
5,8,L DELTOID MEDIUS,119.97522354398612,61,107.51811269132713,90.520728310136,-15.80885671792695,-0.5860920148069804,6.955883429904884e-07,-0.08306871133573077,0.33038383067722926,0.051385847549450726,90.25000000000001,78.50000000000001,-13.019390581717449,-0.4873281105411585,6.801769951748449e-05,-0.07266175025800489,0.24546090764938325,0.060205955966090526,uni-articular,0.25877920068565075,0.21117929338386807,-0.749834185481196,-0.9348341789923912,-0.35947204394951016,-0.5250073422298759,False
6,8,L DELTOID MEDIUS,179.96283531597925,91,132.2853259391579,90.20659059480509,-31.809072582779223,-0.9485746137920051,3.0777514223117443e-46,-0.22691680663214595,0.8655432218759168,0.1184822131871788,116.25000000000004,75.25000000000001,-35.26881720430109,-0.9100654329212997,8.362783950129415e-36,-0.2103854514417678,0.8032346264609951,0.13350233654771937,uni-articular,-1.2598237088481896,-1.2281244199200834,1.6993278053846885,1.5891123722430613,1.0616852964590158,1.0180577158022814,False
7,8,L DELTOID MEDIUS,165.96572590251415,84,115.21986403171684,104.03555066007594,-9.706931583049053,-0.5059026020046573,9.155772663144945e-07,-0.0712548153374554,0.24851760613443358,0.06690260952064396,101.33333333333337,90.41666666666669,-10.773026315789489,-0.4200617887424861,6.952493851515133e-05,-0.0625825275994012,0.18268457048439493,0.07892011430472315,uni-articular,0.5947287771243501,0.4402025227500855,-0.1834389227877027,-0.2904157913004796,0.08245900181942328,0.13277359596973032,False
8,8,L DELTOID MEDIUS,57.98802471292664,30,84.977507573497,71.090936607706,-16.341466538990343,-0.9003337041156841,1.2590758000574285e-11,-0.2849377923931331,0.8532466191117813,0.06924463951443051,75.91666666666669,62.33333333333335,-17.89242590559824,-0.8823075357738074,1.1507494679202277e-10,-0.28290045730804936,0.8313831039280888,0.07857366788124158,uni-articular,-1.057720805155296,-1.1336164540443652,-0.09794977911008244,-0.30234560623534323,-1.6528652933196208,-1.3756714126835,False
9,8,L DELTOID MEDIUS,125.97398472118543,64,115.07472246993684,80.53815965096976,-30.012292949904552,-0.7766025641025641,4.6575438735323216e-14,-0.15642354926303453,0.5169971454661245,0.09102039283366739,99.66666666666669,67.00000000000001,-32.77591973244147,-0.6523811519919425,5.204496475956313e-09,-0.13331220909997474,0.3995372894162627,0.10478536507583128,uni-articular,-0.5393553174050117,-0.3507806824107466,0.6969121608033662,0.6002490677627117,0.07413069318582835,0.03385916917279615,False
10,8,L DELTOID MEDIUS,155.96779060718197,79,97.40342623728044,88.06000401937831,-9.592498517599378,-0.5222005842259007,7.97909434799708e-07,-0.03670498661348553,0.3025646594835783,0.03387340941263379,87.83333333333336,77.83333333333336,-11.385199240986713,-0.36710716101236335,0.0008749770627940311,-0.0292599361520132,0.15006168782673643,0.042328382506890805,uni-articular,0.5264491871798589,0.6204983904048846,-1.3890759304612676,-1.5504449297381802,-0.9398587332496531,-0.6684332610854283,False
11,8,L DELTOID MEDIUS,219.95457649730795,111,137.6672775893933,98.89045373851555,-28.16705939848218,-0.9448402948402947,1.1721248471975238e-54,-0.17758064023221867,0.8883301254914486,0.10586982240033738,120.33333333333337,82.08333333333336,-31.786703601108034,-0.9074697037048719,7.429870597224345e-43,-0.18345091685947537,0.8266666884189875,0.13531711723211634,uni-articular,-1.2441789644078391,-1.219286679550009,1.2389483521090576,1.651603990700692,1.370504864366024,1.2603980614547672,False
12,8,L DELTOID MEDIUS,99.97935295332178,51,97.98520798124711,78.83598062695427,-19.542977709408667,-0.4549321266968326,0.0007965337139982239,-0.16368647026841662,0.2769028475927501,0.10320915097428969,84.75000000000001,65.50000000000001,-22.713864306784657,-0.46193195134451276,0.0006442482049237178,-0.14742862970324072,0.2528198993133485,0.11558841794819495,uni-articular,0.8082670609468604,0.2976461944599005,1.1418281092326719,0.9722500836880552,-0.9064757527875162,-0.851424950659755,False
13,8,L DELTOID MEDIUS,97.97976589425535,50,100.50805944940282,95.81863332180455,-4.665721488692149,-0.29815126050420165,0.03546436558136045,-0.043376719530471855,0.08815175260454869,0.044254816363305416,78.33333333333336,77.08333333333336,-1.5957446808510634,-0.04399827263752728,0.7615905804677882,-0.01225943397215916,0.004252788415416122,0.07060501019493674,uni-articular,1.4650927409271597,1.7205948290657263,-1.010132196719018,-0.5767447774594405,-0.7617130438443156,-1.2322454938279468,False
1,9,R DELTOID ANTERIOR C,347.92814827755984,175,93.26783443245681,88.73467485038627,-4.860367574368188,-0.6471652485445589,3.80699922620187e-22,-0.025424654263847327,0.4257044349352844,0.045506180722869695,75.08333333333336,69.25000000000001,-7.76914539400667,-0.7458129890727503,2.433712846985994e-32,-0.027013526443018233,0.5455629320523331,0.054185428286639116,complex,-1.6247118782963428,-1.9331731348059518,-0.4906678693152573,-0.6207828761907664,-0.4182198489493219,-0.7677711064780799,False
2,9,R DELTOID ANTERIOR C,561.8839635976684,282,84.0752758671527,81.75130730912097,-2.764152164904965,-0.0716567747963188,0.230325949636332,-0.0016504598785568117,0.005012540100324816,0.04931224348476142,71.08333333333336,69.00000000000001,-2.930832356389227,-0.07905074165549511,0.18561476097817037,-0.001757716135036569,0.0032414687837808097,0.08094664681818067,complex,0.7255311480871077,0.5750535431123123,-0.42373760361458995,-0.3013554494362698,-0.9958904491137184,-1.036771202178429,False
3,9,R DELTOID ANTERIOR C,1345.7220907517112,674,108.17817889650267,66.68654290555965,-38.35490337717676,-0.6254317514766984,1.917854670211069e-74,-0.0318248403746884,0.5222140704461333,0.18284475523322483,98.83333333333336,42.91666666666668,-56.57672849915683,-0.644235884196004,2.707508367217892e-80,-0.041287874367028715,0.545144859402909,0.27782961067294454,complex,-1.5359573208004453,-1.5510603122751971,1.9244544915047277,2.0486802352916884,0.5187627738987615,0.8294169617427426,False
4,9,R DELTOID ANTERIOR C,419.9132824039516,211,119.26722526706203,121.03096352241857,1.4788121811396193,-0.12497540910310294,0.07003285008487119,-0.0019748387598068125,0.010852767639309289,0.019139904151344384,107.25000000000004,114.1666666666667,6.449106449106437,0.022854190715456704,0.7413641871536045,0.0014882162161185901,0.002612126031964457,0.031765720798138025,complex,0.5077902212860417,0.9583995873347659,-0.9543233597445224,-0.8883891312347848,1.2156107761850463,1.3954379964455617,False
5,9,R DELTOID ANTERIOR C,307.9364070962311,155,79.94672098798286,77.79400251290784,-2.692691393057389,0.12370210434726563,0.12515060377921144,0.003344762366455973,0.012554262080391154,0.03425845748241109,66.83333333333336,65.50000000000001,-1.9950124688279436,0.0560223313605538,0.48870458380213366,0.0017913208393492291,0.0020680019703992283,0.05300053022952201,complex,1.5233314660545383,1.083171521476556,-0.6884610093940341,-0.6349260639124025,-1.255333427683721,-1.3225838038600497,True
6,9,R DELTOID ANTERIOR C,315.9347553324969,159,122.49857751607051,115.40299440612883,-5.792380004584804,-0.4536123716264629,1.9172158452498947e-09,-0.02371930221001824,0.18616946477377577,0.04350069840886637,111.9166666666667,102.25000000000004,-8.637379002233795,-0.25528297191311544,0.0011639141242283382,-0.020138278451751177,0.06855853586930584,0.06868179766052532,complex,-0.8342868542293526,-0.08789698108642517,-0.5259346193747116,-0.44775121991825867,1.4186725440015397,1.7092714414293015,False
7,9,R DELTOID ANTERIOR C,395.9182376951543,199,96.04302024484817,98.38178052772655,2.4351173848094767,-0.1342409014770824,0.058712985681554794,-0.007455949542241642,0.02543388830314271,0.05620454082518584,83.58333333333336,87.41666666666669,4.586241276171479,-0.15271306342421176,0.03129053491931046,-0.00887631876437571,0.02591874143371244,0.07556136261975753,complex,0.4699521010301783,0.2979505707509036,-0.30253537413445164,-0.3656353129191852,-0.24382408715753426,-0.19614590311483815,False
8,9,R DELTOID ANTERIOR C,1113.7699919000047,558,122.98882839743032,66.58026609354874,-45.86478547596292,-0.020036254747984743,0.636724840149056,-0.025765033175698396,0.14090750320442955,0.17526692117045617,100.58333333333337,45.08333333333334,-55.1781275890638,0.025424824153323478,0.5489489137622411,-0.021700183685113943,0.08948446449908101,0.22622444123561655,complex,0.9363373704034047,0.9680697979577908,1.7911969813199542,1.4327102838051062,1.449480454427605,0.9471045036116462,False
9,9,R DELTOID ANTERIOR C,1341.7229166335783,672,95.98450223989117,66.24765221149937,-30.98088684574452,-0.38509528069669835,3.5143178874209774e-25,-0.02490438324061112,0.477334528188686,0.15530600007715353,85.25000000000001,43.00000000000001,-49.56011730205279,-0.415845939147957,1.7531095098338307e-29,-0.03302061066931213,0.48838448054370937,0.2460680982131035,complex,-0.5544789582708922,-0.6919028609396092,1.440180764303928,1.6695682683638697,-0.24750142364702027,-0.08406252990636003,False
10,9,R DELTOID ANTERIOR C,161.9665517843813,82,80.36983065657232,72.82869922259503,-9.383037605493078,-0.37055539230091095,0.0006105938398337512,-0.02395450727314738,0.1755786648132561,0.03650409464499195,73.33333333333336,65.16666666666669,-11.136363636363638,-0.3747802226871474,0.0005223418789540097,-0.02849245787747057,0.16670194430816132,0.04938863658859258,complex,-0.49510142889407566,-0.5374218206980315,-0.6489710951803952,-0.6780383717497003,-1.2287447457130725,-0.8854586483469826,False
11,9,R DELTOID ANTERIOR C,257.94673061957025,130,115.85287216464498,104.05503780409136,-10.18346299070347,-0.011528219694383373,0.8964265838137152,-0.001366729456270441,0.0003507417796414889,0.05288180448531057,96.6666666666667,89.83333333333336,-7.068965517241386,0.09585677156522,0.2779748251529119,0.003932314453605985,0.0025915629771673613,0.06722095287776085,complex,0.9710822107751208,1.2330207458564695,-0.3609662619032545,-0.46518816470073177,1.0010490312872942,0.6837085765717208,False
12,9,R DELTOID ANTERIOR C,697.855883614186,350,92.12549965393669,92.07458698112099,-0.05526447401311106,-0.3947508842637783,1.686532802628115e-14,-0.010078277233048796,0.1576783440441896,0.052569770560018055,78.75000000000001,78.91666666666669,0.2116402116402176,-0.3211076280775764,7.773202162534775e-10,-0.010178237053983945,0.0997293775946566,0.07833444643407092,complex,-0.593910202091257,-0.33551621762243966,-0.3664534319353823,-0.33253521226656946,-0.49000543643386046,-0.5211876854194272,False
13,9,R DELTOID ANTERIOR C,797.8352365675079,400,88.40101550474942,95.40187344686365,7.919431583609009,-0.1258001612510078,0.011797618838525299,-0.0013831750786182713,0.0037277284211045484,0.05101572368107315,75.33333333333336,80.33333333333336,6.637168141592918,-0.2262536449445957,4.869997232530712e-06,-0.005699817929325227,0.0426573929228907,0.07131196622896058,complex,0.504422124945976,0.021305560938855366,-0.3937816125320097,-0.41635698513199104,-0.7240561611020051,-0.7509586004968081,False
1,10,L DELTOID ANTERIOR C,565.8831377158012,284,96.78391554914947,75.59538106521467,-21.89261961939812,-0.8328797407843003,2.014506209713945e-74,-0.035206103924952964,0.6844672145834702,0.08408160237208935,66.08333333333336,59.58333333333335,-9.8360655737705,-0.38292949414916355,2.3704758372194178e-11,-0.008128854106382831,0.1157493745157281,0.06440653188933958,complex,-0.9533242783653018,-0.2702114788729506,0.018024871579449042,-0.30748293250154146,-0.021145800654694832,-0.7407675576417376,False
2,10,L DELTOID ANTERIOR C,377.9219541635564,190,83.24280591728763,61.29761033705902,-26.362873450029984,-0.7792334238738208,5.281742209311533e-40,-0.04725166706116169,0.6811601041190778,0.09231365537555068,72.16666666666669,51.08333333333335,-29.214780600461886,-0.7716271142789766,8.608372790371631e-39,-0.05400477319118588,0.6745651974838385,0.12406368139335053,complex,-0.8528216565881331,-1.0345182760772744,0.10390709037711492,0.013696081152016822,-0.8432252561493065,-0.40869934214716575,False
3,10,L DELTOID ANTERIOR C,525.8913965344726,264,104.36812336153396,97.26522242679823,-6.8056229296478685,-0.43006737146919366,2.608854125701869e-13,-0.010927467597020356,0.1977922275420306,0.03726752501816556,88.08333333333336,83.25000000000001,-5.487228003784304,-0.24612502378723758,5.289779368387242e-05,-0.00900129761670424,0.0762899883541319,0.05697206721784373,complex,-0.19868348414270678,-0.001209094575775215,-0.47037053020307584,-0.34750821111584607,0.43929072177716455,0.460136673735893,False
4,10,L DELTOID ANTERIOR C,237.95086002890585,120,128.135554170123,114.1739775256085,-10.895942765407622,-0.8614070421557052,1.629256823361653e-36,-0.09091955106508115,0.7400032192430568,0.057680060467969065,116.08333333333337,100.1666666666667,-13.711414213926776,-0.821707295935581,1.3606789391968446e-30,-0.09483215382891357,0.6493754677879618,0.07217875729401846,complex,-1.0067681817899847,-1.1329923115822689,-0.2574134665182307,-0.26563923547407864,1.8822091463984882,1.9885602409437872,False
5,10,L DELTOID ANTERIOR C,291.9397106236996,147,94.31451345053158,104.7372443476055,11.0510360661943,0.13331041413233194,0.10746380530179225,0.12519967621392744,0.06440791837794582,0.3960222630588338,53.75000000000002,64.08333333333336,19.224806201550386,0.36317968959640434,6.152510431821512e-06,0.22588183502044998,0.11983689052971326,0.7368597016566217,complex,0.8567653847601325,1.1968834840518525,3.272396054773117,3.3128349604870193,-0.171062963119166,-1.4140017479595004,True
6,10,L DELTOID ANTERIOR C,239.95044708797235,121,116.25432938132786,115.19522471455429,-0.9110238495287262,0.5502370952445467,6.251839213459853e-11,0.04807991357855255,0.2196574710259786,0.060722054531638904,106.4166666666667,104.50000000000004,-1.8010963194988159,0.5396307637615649,1.6940514869972426e-10,0.05435345243282375,0.21584629589916643,0.07507570093811447,complex,1.6378483547346416,1.5438440733999337,-0.22567737351112244,-0.2500428231420052,1.160901139113799,1.460890199883919,True
7,10,L DELTOID ANTERIOR C,403.91658593142006,203,119.78026090679627,115.9695116086124,-3.181450156590583,-0.47178748590593633,1.2011115165536608e-12,-0.01806390427840367,0.22383751789865,0.0388212830274478,95.08333333333336,96.75000000000004,1.7528483786152693,-0.37092164437164676,5.1003744674926357e-08,-0.018143308129993835,0.1460321198760548,0.05973819559520242,complex,-0.27684319991094924,-0.24660011433282444,-0.45416069952588084,-0.33261607511428515,1.3749601008511771,0.8422425655378664,False
8,10,L DELTOID ANTERIOR C,985.7964201197527,494,85.84158511815012,74.71473163518345,-12.96207830697902,-0.5909017497573066,7.87878795447554e-48,-0.009942377347476614,0.3235863199516376,0.058295793777960105,72.66666666666669,61.25000000000002,-15.711009174311918,-0.6115976516446018,5.203270366364599e-52,-0.009847513173946967,0.3516879595782301,0.06663939315242838,complex,-0.4999954403172537,-0.7198479521283917,-0.2509897295928943,-0.29546177185162,-0.6854536223262654,-0.3814060641613105,False
9,10,L DELTOID ANTERIOR C,917.810460111494,460,89.73748360956198,88.2559441350358,-1.6509706032901366,0.004830794589519923,0.9177028877189247,8.83781846910689e-06,3.7462406403881536e-07,0.0430369327159762,75.75000000000001,72.08333333333336,-4.840484048404827,-0.011219898263729178,0.8103358141701629,-0.0004602789503880708,0.0007771249976225638,0.061067988931312156,complex,0.6160678056414558,0.46069130006978926,-0.41018025518565643,-0.32545680391869974,-0.4489340018849548,-0.21309751658187012,True
10,10,L DELTOID ANTERIOR C,295.9388847418325,149,91.57698487895472,74.40252477753059,-18.754122691553025,-0.888213313985126,1.6393537193413425e-51,-0.05336763953573162,0.770614464240279,0.06694281728384803,78.08333333333336,65.75000000000001,-15.795090715048033,-0.7854057478982371,1.9826684262562334e-32,-0.04621169988561949,0.6239035037040256,0.07250085761126572,complex,-1.056987856766441,-1.0616115814797407,-0.1607782641942902,-0.26390512878190386,-0.3372580578127031,-0.08572888598121181,False
11,10,L DELTOID ANTERIOR C,291.9397106236996,147,99.71629197464905,87.71868398013446,-12.03174301503786,-0.7751966391888114,1.012107418746619e-30,-0.03402952778426994,0.5746962180901233,0.040979588922001944,85.41666666666669,74.50000000000001,-12.780487804878051,-0.7821160593801179,1.3790105935228102e-31,-0.036453306249931025,0.5735489909362023,0.05184066241047101,complex,-0.8452590228835608,-1.0551429766700589,-0.4316438256682353,-0.3751343975560529,0.1568784883967542,0.3145725244779981,False
12,10,L DELTOID ANTERIOR C,397.91782475422076,200,69.76535633628181,61.203852228308044,-12.271856058049426,0.4278886972174305,2.6172003296624577e-10,0.014131032813791512,0.17020544236377871,0.05760018528921017,55.666666666666686,47.00000000000001,-15.568862275449119,0.27960924976599044,6.078097361601643e-05,0.010773806262352748,0.08963679412112019,0.07716769851485657,complex,1.4086371902015604,1.0325566348511588,-0.25824677718517974,-0.2387800369738782,-1.6614399161162796,-1.3093775156803886,True
13,10,L DELTOID ANTERIOR C,761.842669504312,382,83.20171340697841,73.42354348771461,-11.752366049764156,0.3012371546594555,1.872894519151322e-09,0.003671715246003818,0.07920899103318028,0.03683651658062666,70.25000000000001,65.58333333333336,-6.642941874258586,0.40959861623741284,6.919485698454645e-17,0.007468552984843887,0.16297736734847504,0.06124503637950705,complex,1.1713643854265392,1.2881582933465505,-0.47486709514511305,-0.32450362520912546,-0.845719978474013,-0.5133235744262777,True
1,11,R DELTOID POSTERIOR C,399.9174118132872,201,75.23169805714501,74.55716305009226,-0.8966101051452883,0.2967489286242057,1.8887161921946612e-05,0.005574313773784505,0.08422196392569503,0.029208834467487566,67.66666666666669,64.91666666666669,-4.064039408866995,0.0644745476833044,0.363175915535035,0.0007704413254859092,0.0012406578228352709,0.037416789817524394,complex,0.8835990314997741,0.9211538315440948,-1.061153435127552,-1.21748966377419,-0.18890832119499773,0.17887890619554347,True
2,11,R DELTOID POSTERIOR C,327.9322776868955,165,74.19730327477272,70.31683165994137,-5.229936188463498,-0.6236342264846526,3.657805052118743e-19,-0.02530557569915312,0.40013071315306337,0.05361178699826559,64.91666666666669,62.916666666666686,-3.080872913992297,-0.5023164655718134,6.229740450392866e-12,-0.019996181087917585,0.21030518945537213,0.06790264749872682,complex,-1.040913989815741,-0.5520068461024876,0.020164931225219566,0.1771301835464983,-0.2771342105719227,-0.11401823410173903,False
3,11,R DELTOID POSTERIOR C,393.9186506360879,198,98.67102323465951,105.90352948353969,7.3299191715888234,-0.19773301208395463,0.005232553832177436,-0.006278090042579655,0.013020182609286474,0.067128953653516,81.41666666666669,84.58333333333336,3.889457523029688,-0.29793959583012297,2.016485278526418e-05,-0.010723602931132743,0.06143709914394433,0.06467852377274437,complex,-0.15035832464682564,-0.020805819828563343,0.619123624725064,0.02963795992291463,1.810285164138043,1.643364607681956,False
4,11,R DELTOID POSTERIOR C,229.95251179264002,116,74.84515458532594,79.71950960658374,6.512585949302667,0.4300772690577789,1.4481256665825663e-06,0.01838771524434974,0.2063244372266775,0.03442804867760466,65.50000000000001,69.25000000000001,5.725190839694655,0.32457344459562076,0.0003784896875959843,0.01541230454761011,0.12914477400755703,0.04179068700163799,complex,1.1623874098512348,1.597183370244648,-0.8298850188893528,-1.01739938299898,-0.22187749521371147,-0.05188853767504325,True
5,11,R DELTOID POSTERIOR C,253.94755650143728,128,73.22821753799764,68.55400279426603,-6.383078683167717,-0.3416842153451749,7.904725881877902e-05,-0.01526849341493471,0.12492821719632101,0.04452510614904894,63.33333333333335,54.25000000000002,-14.342105263157883,-0.524132133268685,2.1625969731389393e-10,-0.02523525061963677,0.2668220223521379,0.060417406121162344,complex,-0.4513590150359152,-0.6087084928400841,-0.38247466244900946,-0.16529305729852461,-0.35978974254724044,-0.2826559815456292,False
6,11,R DELTOID POSTERIOR C,639.8678589012594,321,78.03283135924619,75.77752992134884,-2.890195573596999,-0.08862432518720613,0.11302069047143946,-0.0015410023891765199,0.015703341255822182,0.03049555094253739,71.50000000000001,66.66666666666669,-6.759906759906752,-0.21705709040753482,8.834047190319188e-05,-0.004565452557399114,0.07011959761124817,0.04869727469808732,complex,0.07778697278269381,0.18941791998303018,-1.0041377869183756,-0.701447495423639,0.050006724639266587,0.5871597684281186,False
7,11,R DELTOID POSTERIOR C,109.97728824865396,56,80.45625145137947,86.22111110336004,7.1652103447354065,0.3033492822966507,0.023044180589625554,0.03536273561345346,0.09980364760399912,0.042172350542136035,65.25000000000001,68.66666666666669,5.236270753512138,0.1273234324950423,0.34972396523127575,0.013921192838765261,0.019677254558201247,0.046073706653383284,complex,0.8974003125395231,1.0845059376525905,-0.4867275329197318,-0.821466426962398,0.25670574962083004,-0.07851555042934166,True
8,11,R DELTOID POSTERIOR C,995.794355415085,499,94.22341023887368,90.52014451686398,-3.930303215115271,-0.375664582176401,3.591986010689006e-18,-0.006919169985762664,0.16582567478363297,0.05643661461644038,81.25000000000001,79.33333333333336,-2.358974358974347,-0.39409799614852165,5.460183052139304e-20,-0.009213856417774448,0.17606831209989818,0.08542756376843837,complex,-0.5224116609614458,-0.2707335195655783,0.14533576788772773,0.9788329372611505,1.4309381113061888,1.6256132658457565,False
9,11,R DELTOID POSTERIOR C,583.8794212473993,293,66.14860185972616,67.28737546858925,1.7215384404918463,0.2366517788563834,4.280729386626311e-05,0.0056258901500900686,0.06181949757894132,0.05993054331327164,56.25000000000002,57.75000000000002,2.6666666666666656,0.1651863388390892,0.004583302903410649,0.004083441832925588,0.03418195182134255,0.0690767365414202,complex,0.7579364238888783,1.1829163631233963,0.3001551187775683,0.23084059243788269,-0.9636263050537227,-1.0370880095840835,True
10,11,R DELTOID POSTERIOR C,165.96572590251415,84,79.59754421084848,56.09694879737574,-29.524271943894732,-0.9797306874557054,4.938977183485036e-59,-0.15687226602799392,0.9585745242701068,0.1153576548345303,66.25000000000001,48.33333333333334,-27.044025157232703,-0.9572306149635956,6.251679153108843e-46,-0.1344410414902346,0.917908820402403,0.11631042047962659,complex,-1.785508534141259,-1.7343855728579358,2.7561838966981327,2.391614081940602,0.18346465124975875,0.02799250058785198,False
11,11,R DELTOID POSTERIOR C,153.96820354811555,78,90.69965086911229,70.12812361842543,-22.68093322693536,-0.7069006942424664,4.740362340577194e-13,-0.08501044248662315,0.5475690846559713,0.06350788293468501,71.41666666666669,57.58333333333335,-19.369894982497083,-0.6704746602847554,1.882944863252093e-11,-0.0706370000134893,0.4648522795323801,0.0723717515947914,complex,-1.2150234360277457,-0.9890710095803951,0.45867048819595974,0.38157584281876217,1.130388640595904,0.5782840975100196,False
12,11,R DELTOID POSTERIOR C,441.9087400536824,222,59.785471932540496,59.2055285128485,-0.9700407154874982,-0.1759956697967777,0.008588395853545866,-0.0036175284439209578,0.044710095153563334,0.037694444356259196,50.33333333333335,52.166666666666686,3.6423841059602684,-0.18076833942705323,0.006924240576038508,-0.0036592315834701305,0.04660946689998757,0.043198809073426686,complex,-0.10490573455078406,0.28373691893528047,-0.6851478755191089,-0.9529827932050271,-1.506352164284548,-1.6672606447691465,False
13,11,R DELTOID POSTERIOR C,1483.6935978272952,743,61.68777026081842,66.4967055529088,7.795605630999466,0.5874108553729837,3.995641559825164e-70,0.005078313206741569,0.3833712694809876,0.05653944957984556,52.75000000000002,44.75000000000001,-15.165876777251205,-0.7066914917436623,1.880588462965265e-113,-0.006463775143556118,0.5241559923597814,0.07903612360022853,complex,1.491370544617611,-1.0832030807079953,0.14989248431345478,0.6864472217349556,-1.3441008026838541,-1.4098661881442613,True
1,12,L DELTOID POSTERIOR C,291.9397106236996,147,74.29178163424247,69.21911321078132,-6.828034423020305,-0.5199472606517617,1.489096143526177e-11,-0.022130875167805632,0.2859875643565477,0.04968706430753929,62.416666666666686,59.00000000000002,-5.473965287049394,-0.5017072698250312,9.588189347153694e-11,-0.01873889913903771,0.24292687526521328,0.05352832443761623,complex,-0.5987867162387545,-0.6251412688914285,0.33891817775820726,-0.14297415292218701,-0.05535684830876413,-0.11226018343593672,False
2,12,L DELTOID POSTERIOR C,621.8715753696615,312,68.20564795602094,61.13784836467053,-10.362484344269745,-0.23126944452566223,3.7123426075154125e-05,-0.0034824970999457043,0.05714663544514858,0.04100400523879092,57.08333333333335,52.666666666666686,-7.737226277372257,-0.22357608718814173,6.781234215811702e-05,-0.0028810467266269864,0.03562688340884642,0.04979552600271198,complex,0.2739269181788354,0.34790253000338667,-0.372831586493127,-0.5579451796221891,-0.5156803349145964,-0.5987209783249977,False
3,12,L DELTOID POSTERIOR C,621.8715753696615,312,65.10729873747725,57.53165065237022,-11.635635684492494,-0.6770989814762864,3.435459654701138e-43,-0.010290669980878348,0.47162276591207963,0.045785647282836565,55.25000000000002,46.50000000000001,-15.837104072398208,-0.6549477254734218,1.3230937710750766e-39,-0.009259669310161709,0.43015532643534177,0.05270945772060065,complex,-1.0738784682694704,-1.1612540258099888,0.019119288266306624,-0.23400664991237932,-0.7500233497757585,-0.765941876568112,False
4,12,L DELTOID POSTERIOR C,215.95540237917504,109,75.38088463462971,76.03847996272059,0.8723635060509503,0.08572884811416923,0.37542898421252746,0.00256432848185398,0.0060418646257815135,0.027082647122617574,67.83333333333336,69.25000000000001,2.088452088452074,0.01810771493638338,0.8517501140631373,-0.000271115193293856,3.388817326147389e-05,0.04214214219031338,complex,1.2322573357576947,1.1934349249006981,-1.51396436916727,-1.408763297381525,0.027017236277170804,0.3818015613732661,True
5,12,L DELTOID POSTERIOR C,613.8732271333957,308,78.07676149518308,73.31645587254678,-6.096955779768069,-0.016304305415971717,0.7756480567077413,-0.0001947249273506043,0.00016543096040249795,0.035458421726732574,65.75000000000001,61.166666666666686,-6.970849176172361,0.04338176440223017,0.44808683420561957,0.0009771232159278918,0.0028228467027190517,0.051286315526124567,complex,0.9237967638879098,1.2818563556534297,-0.8274026916868833,-0.3922157758216875,0.23091933595509737,0.19177781336972588,False
6,12,L DELTOID POSTERIOR C,287.94053650556674,145,75.89384657058878,64.14456113094877,-15.481209571729915,-0.5812785388127854,1.779077978124715e-14,-0.032250244428119475,0.3684251201743221,0.06306615163718143,61.416666666666686,52.83333333333334,-13.975576662143837,-0.454306170532993,9.485648634886263e-09,-0.022567543329032387,0.22740276750023777,0.0691589344275828,complex,-0.7841997950324594,-0.4593082066305495,1.4356010607578105,1.5946632760996453,0.06581500828499122,-0.2034715824776356,False
7,12,L DELTOID POSTERIOR C,151.9686164890491,77,93.08899879096333,87.01182055258575,-6.5283527777801496,-0.6436195383563804,2.729005225637834e-10,-0.05889926272645351,0.43389150810666294,0.04533036069370063,82.91666666666669,73.08333333333336,-11.859296482412052,-0.5822825124703586,2.7777296688250973e-08,-0.0654940946558145,0.3792526744576737,0.06401796506403584,complex,-0.9726654035610716,-0.9070342931009403,-0.018200522634277926,1.023147462366976,1.3663668596393024,1.7575734969188908,False
8,12,L DELTOID POSTERIOR C,605.87487889713,304,65.15502572951902,59.53407145888419,-8.627046352447703,-0.3112178474102803,2.987768040844795e-08,-0.005956850363222051,0.11750724285864313,0.05194595136242889,53.50000000000002,50.00000000000002,-6.542056074766353,-0.29062081279964436,2.495659100697037e-07,-0.0049615571378332085,0.08669615105721183,0.05900052675036355,complex,0.03223165325124178,0.11334610994872875,0.524078996780462,0.4653644572736594,-0.7464135284107605,-0.9255618248910851,False
9,12,L DELTOID POSTERIOR C,333.9310388640948,168,77.85873983698264,70.82971047329853,-9.027925931502603,-0.1619550417339455,0.03596070174514993,-0.005353485066278024,0.04199179965376357,0.03583168392969983,69.00000000000001,64.16666666666669,-7.004830917874388,-0.2354542618212253,0.002123704372740005,-0.008033196978233754,0.07114884549939324,0.04609892394746915,complex,0.48347410538431174,0.3063466567664003,-0.796806414169659,-0.9688922952825624,0.2144293120475483,0.4882148602552473,False
10,12,L DELTOID POSTERIOR C,327.9322776868955,165,92.31806925561334,78.12958624899193,-15.369128840136234,-0.5601127347527584,5.198282688302246e-15,-0.037334979050686876,0.4110366994940211,0.0716637119499552,75.66666666666669,70.50000000000001,-6.828193832599124,-0.4259219925653684,1.1738660857253906e-08,-0.020723296727537366,0.21889217556183763,0.06192799538325372,complex,-0.7202125928481115,-0.3600059705552021,2.1403424977679166,0.790807870682519,1.3080577605622306,1.0962908538665739,False
11,12,L DELTOID POSTERIOR C,201.95829296571,102,94.71717410386702,88.8522603003107,-6.19202785455238,-0.3593137726108419,0.00020822168075844557,-0.022549934131059032,0.1214476780515728,0.04261531219219299,76.25000000000001,67.83333333333336,-11.038251366120203,-0.5944640849533953,4.4818426760768184e-11,-0.04293270983369644,0.3289393000606613,0.06238070231921307,complex,-0.11316909227789758,-0.9496516057410747,-0.2407528645657205,0.8411347943794,1.4895135692693122,1.1494975033075643,False
12,12,L DELTOID POSTERIOR C,297.9384718008989,150,68.01599061882108,59.27585684292691,-12.850116121775097,-0.6189412862793903,3.136047321740782e-17,-0.022308973532842367,0.3748412977878026,0.04964038482968601,58.25000000000002,51.33333333333335,-11.874105865522179,-0.5608093636607882,8.421282724803553e-14,-0.021233549841646833,0.3007382200241389,0.06107726085731808,complex,-0.8980595770718766,-0.8319103386640285,0.3350918641175429,0.6962326650203069,-0.5300250291549848,-0.4923076794430153,False
13,12,L DELTOID POSTERIOR C,267.94466591490243,135,47.19759723122913,48.2082811106552,2.141388415335116,0.4108964979026437,7.413387098586563e-07,0.008510283204559824,0.1671681521471559,0.03306985387645282,42.08333333333334,43.00000000000001,2.178217821782172,0.2633506962994791,0.002028202246241986,0.0066903629251304575,0.09263225555954503,0.039463426045968794,complex,2.215284868839649,2.05141913212057,-1.0231934367313007,-1.7065531748799754,-2.1046199914707815,-1.966891963950482,True
