subject,trial,mains_share
1,5,0.040889788998242374
1,6,0.03884474385188571
2,5,0.04173772107574165
2,6,0.039593947172682616
3,5,0.04248645102284503
3,6,0.044458004800914025
4,5,0.04016123026476751
4,6,0.04195589996947654
5,5,0.039201384340425645
5,6,0.041407589249617446
6,5,0.035030292546390535
6,6,0.03948158418986961
7,5,0.040266859778747756
7,6,0.03774391392122454
8,5,0.03839417661234899
8,6,0.04241130713934985
9,5,0.0370629767112975
9,6,0.0405891648165719
10,5,0.04044256973974253
10,6,0.041130842994162774
11,5,0.040390723533151596
11,6,0.03936484920719972
12,5,0.04024867070808099
12,6,0.03954718589545609
13,5,0.04350323767058916
13,6,0.04387717198107563
