subject,trial,n_rows,pred_rho
1,5,83,0.8251332857562654
1,6,82,0.897454315908621
2,5,65,0.9053321678321679
2,6,86,0.9090334449738194
3,5,105,0.4765083972631142
3,6,92,0.8003945563552857
4,5,71,0.9160630449362843
4,6,142,0.8540668202040692
5,5,92,0.7739777753802999
5,6,70,0.8430583501006036
6,6,60,0.6903584328980273
7,5,88,0.4928850692120743
7,6,76,0.7405878332194122
8,5,141,0.7110792414058821
8,6,76,0.8862611073137389
9,5,86,0.8484079437709326
9,6,96,0.6120320130222463
10,5,75,0.9108677098150781
10,6,109,0.6385228431099992
11,6,137,0.7584660331920771
12,5,153,0.6061711766046132
12,6,140,0.5116441800966522
13,5,62,0.539724509581728
13,6,88,0.3723715261878765
