subject,trial,muscle,N_total,n_rows,rep_dur_median_s,rep_dur_max_s,set_span_s,MDF_rep_rho,MNF_rep_rho
1,5,R BICEPS BRACHII,86,86,1.610866699490174,4.268379842129505,176.486190302241,-0.8763715269588187,-0.905504976649842
1,6,L BICEPS BRACHII,85,85,2.5919984752950143,4.316820990105299,206.72140781093657,-0.8157123314442055,-0.8701582958764901
2,5,R BICEPS BRACHII,68,68,2.482013245874569,4.462144434032684,175.49116147578735,-0.8727716914150473,-0.9155246783982898
2,6,L BICEPS BRACHII,89,89,2.1695281355715963,4.130997570001433,200.70438193859889,-0.8783622744296903,-0.9092271024855295
3,5,R BICEPS BRACHII,108,108,2.37599860235375,4.408938582977328,274.8693677239013,0.056941705488391586,0.17890384597063838
3,6,L BICEPS BRACHII,95,95,2.681733716627207,4.445467973254097,270.299223353398,-0.49720044792833146,-0.5955627099664054
4,5,R BICEPS BRACHII,74,74,3.3940568270253912,4.412115051697015,242.41618093165823,-0.8522621251388371,-0.9093372824879672
4,6,L BICEPS BRACHII,145,145,1.821704810761844,4.274732779568964,325.7008084112892,-0.8124626043142811,-0.82114627617698
5,5,R BICEPS BRACHII,95,95,1.9281165128726407,3.9586741419563793,189.7082413480933,-0.6710946248600224,-0.6331326987681971
5,6,L BICEPS BRACHII,73,73,2.777821895398884,4.183409303876886,199.53941203564,-0.5535295569542146,-0.5360668888066149
6,5,R BICEPS BRACHII,5,5,3.1597922589457297,4.315232755745438,17.472166192843414,-0.19999999999999998,-0.6
6,6,L BICEPS BRACHII,63,63,3.8617918460047633,4.488350300970396,284.8704794879532,-0.746831797235023,-0.765312980030722
7,5,R BICEPS BRACHII,91,91,3.7101154646379655,4.485967949430602,323.6424566809078,0.06263736263736264,0.026389552476509003
7,6,L BICEPS BRACHII,79,79,2.96046884678303,4.487556183790474,273.1381922716516,-0.534031158714703,-0.5251460564751704
8,5,R BICEPS BRACHII,144,144,2.150866381843308,4.316820990105299,344.88270889252414,-0.5604694156418295,-0.6279881038501729
8,6,L BICEPS BRACHII,79,79,2.8969394723885387,4.463732668392545,218.9357241554564,-0.793354430379747,-0.8352969814995131
9,5,R BICEPS BRACHII,89,89,2.6221749281324094,4.339850388323299,259.0116417578578,-0.5723186925434118,-0.6542049710589037
9,6,L BICEPS BRACHII,99,99,2.4133221098105224,4.485173832250684,253.410733287804,-0.3567965367965368,-0.360717377860235
10,5,R BICEPS BRACHII,78,78,3.754586026714101,4.460556199672851,255.7978495306768,-0.8181818181818181,-0.81911759126949
10,6,L BICEPS BRACHII,112,112,3.7398948588853997,4.426409160935805,427.9664247256325,-0.5635015546519971,-0.4935678409129736
11,5,R BICEPS BRACHII,223,223,2.03611644934324,4.46214443403268,488.01756587202004,-0.5420749865817129,-0.48949261561369184
11,6,L BICEPS BRACHII,140,140,2.051601734351891,4.406556231437509,328.61045375855656,-0.5974678008353197,-0.6970632612451073
12,5,R BICEPS BRACHII,156,156,2.080984070009361,4.446262090434054,341.5815637755507,-0.36785573169382496,-0.3375764568285628
12,6,L BICEPS BRACHII,143,143,2.062322316281012,4.192144592856096,324.1784857773613,-0.19274270330608356,-0.20290800748547227
13,5,R BICEPS BRACHII,65,65,2.4704985467655547,4.481203246351036,207.46152502263237,-0.4144667832167832,-0.2145541958041958
13,6,L BICEPS BRACHII,91,91,3.0684687832536497,4.420056223496317,310.96675825484806,-0.3046982003503743,-0.35134575569358184
