subject,trial,muscle,duration_s,n_windows,MDF_baseline,MDF_final,MDF_pct_change,MDF_spearman_rho,MNF_spearman_rho,is_outlier
1,5,R BICEPS BRACHII,173.96407413877986,88,80.41666666666669,57.58333333333335,-28.393782383419687,-0.9355821945847456,-0.9516748265295342,False
2,5,R BICEPS BRACHII,171.96448707971348,87,69.50000000000001,48.33333333333334,-30.455635491606717,-0.9208509302562972,-0.9538164321644672,False
3,5,R BICEPS BRACHII,277.9426012102346,140,64.25000000000001,71.00000000000001,10.505836575875485,0.2266471822326552,0.3641293652008485,True
4,5,R BICEPS BRACHII,249.94838238330445,126,80.66666666666669,55.08333333333335,-31.71487603305785,-0.9018154967637092,-0.9584191976003,False
5,5,R BICEPS BRACHII,185.9615964931785,94,106.25000000000004,84.58333333333336,-20.392156862745107,-0.6887650969199894,-0.6674204385362857,False
6,5,R BICEPS BRACHII,19.99587059066436,11,110.00000000000004,108.33333333333336,-1.515151515151519,-0.3325748947320898,-0.4363636363636364,False
7,5,R BICEPS BRACHII,319.93392945062976,161,95.08333333333336,96.83333333333336,1.840490797546012,0.0518387345176196,0.0724580170232344,True
8,5,R BICEPS BRACHII,343.92897415942696,173,110.58333333333336,92.25,-16.57874905802564,-0.6940978129432416,-0.7512249050901355,False
9,5,R BICEPS BRACHII,255.94714356050372,129,74.08333333333336,67.33333333333336,-9.111361079865016,-0.3397913085672806,-0.5094253130590342,False
10,5,R BICEPS BRACHII,251.9479694423709,127,68.08333333333336,50.08333333333335,-26.43818849449204,-0.7755427369522252,-0.8045439632545932,False
11,5,R BICEPS BRACHII,485.8996553531439,244,94.4166666666667,81.91666666666669,-13.23918799646956,-0.6226246183868595,-0.5674898496131908,False
12,5,R BICEPS BRACHII,337.93021298222766,170,68.41666666666669,62.08333333333335,-9.25700365408039,-0.5199244844373002,-0.4014447884416925,False
13,5,R BICEPS BRACHII,213.95581532010863,108,73.41666666666669,58.50000000000002,-20.317820658342782,-0.4628962707079618,-0.0340202158773709,False
1,6,L BICEPS BRACHII,205.9574670838429,104,69.00000000000001,57.75000000000002,-16.304347826086943,-0.8526494619271048,-0.8645684412674705,False
2,6,L BICEPS BRACHII,197.95911884757717,100,51.08333333333335,37.58333333333334,-26.427406199021213,-0.9305611718815624,-0.9507350735073506,False
3,6,L BICEPS BRACHII,267.94466591490243,135,83.25000000000001,73.50000000000001,-11.71171171171171,-0.4987247329080557,-0.5972636815920399,False
4,6,L BICEPS BRACHII,325.93269062782906,164,85.16666666666669,61.08333333333335,-28.27788649706457,-0.8835904264827407,-0.928638472106974,False
5,6,L BICEPS BRACHII,195.9595317885108,99,76.00000000000001,69.33333333333336,-8.77192982456139,-0.7144876799682383,-0.6214718614718614,False
6,6,L BICEPS BRACHII,295.9388847418325,149,91.25,62.08333333333335,-31.96347031963469,-0.7061509658262284,-0.7516560856158173,False
7,6,L BICEPS BRACHII,277.9426012102346,140,83.58333333333336,72.50000000000001,-13.260219341974086,-0.5157755533800111,-0.5733572412586649,False
8,6,L BICEPS BRACHII,215.95540237917504,109,91.66666666666669,76.33333333333336,-16.72727272727272,-0.8603219510704958,-0.8799091835789083,False
9,6,L BICEPS BRACHII,251.9479694423709,127,72.16666666666669,63.25000000000002,-12.355658198614313,-0.3313771289655837,-0.2916315148106486,False
10,6,L BICEPS BRACHII,431.9108047583501,217,69.75000000000001,61.58333333333335,-11.708482676224603,-0.6878670889918187,-0.6397685048173359,False
11,6,L BICEPS BRACHII,325.93269062782906,164,77.16666666666669,68.08333333333336,-11.771058315334765,-0.6051792975457186,-0.7010542353053201,False
12,6,L BICEPS BRACHII,323.9331035687626,163,68.08333333333336,54.75000000000002,-19.58384332925336,-0.1352842087678454,-0.0734589145482457,False
13,6,L BICEPS BRACHII,315.9347553324969,159,55.666666666666686,59.00000000000002,5.98802395209581,-0.2463040322727815,-0.4616431812753762,False
